{"cameraMode":{"drawMode":0,"name":"Shaded","section":"Shading Mode"},"sceneLighting":true,"audioPlay":false,"sceneViewState":{"showFog":true,"showMaterialUpdate":false,"showSkybox":true,"showFlares":true,"showImageEffects":true,"showParticleSystems":true},"in2DMode":false,"pivot":{"x":-9.645931243896485,"y":-7.769311904907227,"z":18.349185943603517},"rotation":{"x":-0.24238166213035584,"y":0.2891518175601959,"z":-0.07593316584825516,"w":-0.9229761958122253},"size":55.973453521728519,"orthographic":false}