{"count":1,"gauges":{},"self":8.3397376,"total":8.343699299999999,"children":{"AgentSendState":{"count":392,"self":0,"total":0,"children":null},"DecideAction":{"count":392,"self":0.0029793999999999997,"total":0.0029793999999999997,"children":null},"AgentAct":{"count":392,"self":0,"total":0,"children":null}}}